node,pJ_per_tok,perf_per_watt,freq_GHz
22nm,33402.1,2.99382e+07,1.25
7nm,6439.86,1.55283e+08,2.125
3nm,4608.23,2.17003e+08,2.75
